default,Identifier,Remarks,pt,ru
,,,,SPDX-FileCopyrightText: © 2022 generic name guy
,,,,SPDX-FileCopyrightText: © 2018 Alexander Kromm (m8f) <mmaulwurff@gmail.com>
,,,,SPDX-License-Identifier: CC-BY-SA-4.0
Manual autosave,AAS_MANUAL_CONTROL_NAME,,Autosave manual,
Toggle Autoautosave,AAS_TOGGLE_CONTROL_NAME,,Ligar Autoautosave,
Toggle Autoautosave,AAS_TOGGLE_ON_MESSAGE,,Autoautosave ligado,
Toggle Autoautosave,AAS_TOGGLE_OFF_MESSAGE,,Autoautosave desligado,
nothing,AAS_LEVEL_NOTHING,,nada,
quiet,AAS_LEVEL_QUIET,,quieto,
verbose,AAS_LEVEL_VERBOSE,,verboso,
everything,AAS_LEVEL_EVERYTHING,,tudo,
This must be set to,AAS_MUST_ALWAYS,,Isto deve estar definido como,
Global toggle,AAS_GLOBAL_TOGGLE,,Ligar Mod,
Manual autosave,AAS_CONTROLS,,Controles,
Event Options,AAS_EVENT_TUNING_TITLE,,Opções de Evento,
Log Options,AAS_REPORT_OPTIONS_TITLE,,Opções de registramento,
Autosave Toggles,AAS_INDIVIDUAL_TOGGLES_TITLE,,Opções de Autosave,
Screenshot Toggles,AAS_SCREENSHOT_TOGGLES_TITLE,,Opções de Captura de Tela,
Voice Toggles,AAS_VOICE_OPTIONS_TITLE,,Opções de Voz,
Warning: too many screenshot can use up disk space.,AAS_SCREENSHOTS_WARNING,,Aviso: Muitas capturas de tela podem usar espaço no disco.,
"This must be set to ""On"".",AAS_SCREENSHOTS_SCRIPT_NOTE,,"Isto deve estar definido como ""Sim"".",
Toggle Autoautosave,AAS_LOG_CONSOLE,,Registrar no Console,
Log to screen,AAS_LOG_SCREEN,,Registrar na Tela,
Log color,AAS_PRINT_COLOR,,Cor do registro,
Quiet:,AAS_LOG_QUIET_NOTE_1,,Quieto:,
"enemies, time, teleport, items.",AAS_LOG_QUIET_NOTE_2,,"Inimigos, tempo, teleporte, ítens.",
Verbose:,AAS_LOG_VERBOSE_NOTE_1,,Verboso:,
"enemies, time, teleport, items, % kills, health, armor.",AAS_LOG_VERBOSE_NOTE_2,,"Inimigos, tempo, teleporte, ítens, % de vítmas, vida, armadura.",
Enemy is a boss when health is at least,AAS_MIN_BOSS_HEALTH,,Inimigo é um chefão quando a vida for,
Group is at least N enemies,AAS_GROUP_NUMBER,,Grupo é pelo menos N inimigos,
Boss group is at least N enemies,AAS_BOSS_GROUP_NUMBER,,Grupo de chefão é pelo menos N inimigos,
Don't save when health is less than,AAS_HEALTH_LIMIT,,Não salve quando a vida for menos de,
Major healing amount,AAS_BIG_HEAL_SIZE,,Tanto de cura grande,
Low health threshold,AAS_LOW_HEALTH_THRESHOLD,,Cota de vida baoxa,
High health threshold,AAS_HIGH_HEALTH_THRESHOLD,,Cota de vida alta,
Low armor threshold,AAS_LOW_ARMOR_THRESHOLD,,Cota de armadura baixa,
High armor threshold,AAS_HIGH_ARMOR_THRESHOLD,,Cota de armadura alta,
Don't save until seconds passed,AAS_MIN_SAVE_WAIT,,Não salve até segundos passados,
Autosave every N seconds,AAS_PERIOD,,Autosalvar todos N segundos,
Save on dropped items,AAS_SAVE_ON_DROPPED,,Salvar nos ítens derrubados,
Also picking up Hideous Destructor keys.,AAS_SAVE_ON_DROPPED_NOTE,,Também pegando chaves do Hideous Destructor,
Voice volume,AAS_VOICE_VOLUME,,Volume de voz,
Enable all,AAS_ENABLE_ALL,,Habilitar todos,
Disable all,AAS_DISABLE_ALL,,Desabilitar todos,
All enemies down,AAS_EVENT_all_kill,,Todos os inimigos foram eliminados,
Boss down,AAS_EVENT_boss_kill,,O chefão foi eliminado,
No active enemies,AAS_EVENT_group_kill,,Sem mais inimigos ativos (abate em grupo),
New active enemies,AAS_EVENT_group_alert,,Novos inimigos ativos (alerta de grupo),
Boss alerted,AAS_EVENT_boss_alert,,O chefão foi alertado,
All items found,AAS_EVENT_all_items_found,,Todos os ítens foram descobertos,
Time passed,AAS_EVENT_time_period,,Tempo movido,
Moved to another place,AAS_EVENT_teleport,,Você foi movido para outro lugar,
Manual save,AAS_EVENT_manual,,Save manual,
Something important!,AAS_EVENT_important,,Algo importante!,
Level started,AAS_EVENT_level_start,,Nível começado,
Last health percent!,AAS_EVENT_one_percent,,Sua vida caiu para 1%,
Enemies 10% down,AAS_EVENT_enemies_10,,Inimigos 10% mortos,
Enemies 20% down,AAS_EVENT_enemies_20,,Inimigos 20% mortos,
Enemies 30% down,AAS_EVENT_enemies_30,,Inimigos 30% mortos,
Enemies 40% down,AAS_EVENT_enemies_40,,Inimigos 40% mortos,
Enemies 50% down,AAS_EVENT_enemies_50,,Inimigos 50% mortos,
Enemies 60% down,AAS_EVENT_enemies_60,,Inimigos 60% mortos,
Enemies 70% down,AAS_EVENT_enemies_70,,Inimigos 70% mortos,
Enemies 80% down,AAS_EVENT_enemies_80,,Inimigos 80% mortos,
Enemies 90% down,AAS_EVENT_enemies_90,,Inimigos 90% mortos,
Health low,AAS_EVENT_health_drop,,Sua vida caiu baixo,
Health high,AAS_EVENT_health_rise,,Sua vida subiu alto,
Armor low,AAS_EVENT_armor_drop,,Sua armadura caiu baixo,
Armor high,AAS_EVENT_armor_rise,,Sua armadura subiu alto,
Secret found,AAS_EVENT_secret_found,,Um segredo foi encontrado,
Powerup found,AAS_EVENT_powerup,,Um poder foi encontrado,
Weapon found,AAS_EVENT_weapon,,Uma arma foi encontrada,
Key found,AAS_EVENT_key,,Uma chave foi encontrada,
Backpack found,AAS_EVENT_backpack,,Uma mochila foi encontrada,
New armor,AAS_EVENT_new_armor,,Novo tipo de armadura,
Major healing,AAS_EVENT_big_heal,,Grande cura,
Armor found,AAS_EVENT_armor,,Armadura foi encontrada,
